{
    "products": [
        {
            "id": "1",
            "name": "Sản phẩm 1",
            "price": 100
        },
        {
            "id": "2",
            "name": "Sản phẩm 2",
            "price": 200
        },
        {
            "id": "3",
            "name": "Sản phẩm 3",
            "price": 300
        }
    ],
    "users": [
        {
            "id": "1",
            "username": "admin",
            "password": 123456
        }
    ]
}